Department,Wellness_Program_Status
Marketing,Enrolled
Sales,Enrolled
Marketing,Not Enrolled
Marketing,Not Enrolled
Sales,Enrolled
Sales,Not Enrolled
Marketing,Not Enrolled
Engineering,Enrolled
Marketing,Not Enrolled
Marketing,Enrolled
Marketing,Enrolled
Marketing,Enrolled
Sales,Enrolled
Marketing,Enrolled
Engineering,Not Enrolled
Sales,Enrolled
Engineering,Not Enrolled
Engineering,Enrolled
Engineering,Enrolled
Engineering,Enrolled
Sales,Enrolled
Sales,Not Enrolled
Engineering,Enrolled
Engineering,Enrolled
Sales,Enrolled
Sales,Not Enrolled
Sales,Not Enrolled
Marketing,Not Enrolled
Marketing,Enrolled
Marketing,Enrolled
Engineering,Enrolled
Marketing,Enrolled
Engineering,Enrolled
Engineering,Enrolled
Marketing,Enrolled
Engineering,Enrolled
Marketing,Not Enrolled
Marketing,Enrolled
Sales,Enrolled
Marketing,Not Enrolled
Sales,Enrolled
Marketing,Not Enrolled
Marketing,Enrolled
Sales,Enrolled
Sales,Not Enrolled
Marketing,Not Enrolled
Engineering,Not Enrolled
Sales,Enrolled
Engineering,Enrolled
Engineering,Enrolled
Engineering,Enrolled
Sales,Not Enrolled
Engineering,Enrolled
Sales,Not Enrolled
Engineering,Enrolled
Marketing,Enrolled
Marketing,Enrolled
Sales,Not Enrolled
Marketing,Not Enrolled
Marketing,Not Enrolled
Engineering,Not Enrolled
Sales,Not Enrolled
Engineering,Not Enrolled
Engineering,Enrolled
Engineering,Enrolled
Engineering,Enrolled
Engineering,Not Enrolled
Engineering,Not Enrolled
Engineering,Enrolled
Sales,Not Enrolled
Marketing,Not Enrolled
Engineering,Enrolled
Engineering,Enrolled
Engineering,Not Enrolled
Engineering,Enrolled
Engineering,Not Enrolled
Engineering,Enrolled
Marketing,Not Enrolled
Marketing,Not Enrolled
Engineering,Not Enrolled
Marketing,Enrolled
Sales,Not Enrolled
Engineering,Not Enrolled
Sales,Enrolled
Sales,Not Enrolled
Engineering,Enrolled
Marketing,Enrolled
Sales,Enrolled
Engineering,Enrolled
Sales,Enrolled
Sales,Not Enrolled
Sales,Enrolled
Sales,Not Enrolled
Marketing,Enrolled
Sales,Enrolled
Sales,Enrolled
Sales,Not Enrolled
Marketing,Enrolled
Sales,Not Enrolled
Sales,Not Enrolled
Marketing,Not Enrolled
Marketing,Enrolled
Marketing,Enrolled
Sales,Not Enrolled
Marketing,Enrolled
Marketing,Not Enrolled
Sales,Enrolled
Marketing,Not Enrolled
Sales,Not Enrolled
Engineering,Not Enrolled
Marketing,Enrolled
Engineering,Not Enrolled
Sales,Enrolled
Marketing,Enrolled
Sales,Not Enrolled
Engineering,Not Enrolled
Sales,Not Enrolled
Marketing,Not Enrolled
Marketing,Enrolled
Engineering,Enrolled
Sales,Not Enrolled
Marketing,Enrolled
Engineering,Enrolled
Marketing,Enrolled
Marketing,Enrolled
Sales,Enrolled
Marketing,Enrolled
Sales,Enrolled
Marketing,Enrolled
Engineering,Not Enrolled
Marketing,Enrolled
Sales,Enrolled
Sales,Not Enrolled
Engineering,Enrolled
Marketing,Not Enrolled
Marketing,Not Enrolled
Engineering,Enrolled
Marketing,Enrolled
Marketing,Not Enrolled
Sales,Not Enrolled
Marketing,Enrolled
Marketing,Not Enrolled
Engineering,Enrolled
Engineering,Not Enrolled
Sales,Enrolled
Marketing,Not Enrolled
Marketing,Not Enrolled
Marketing,Not Enrolled
Sales,Enrolled
Sales,Enrolled
Engineering,Enrolled
Sales,Enrolled
Marketing,Enrolled
Marketing,Not Enrolled
Sales,Enrolled
Marketing,Enrolled
Marketing,Not Enrolled
Sales,Not Enrolled
Sales,Not Enrolled
Marketing,Not Enrolled
Marketing,Enrolled
Marketing,Enrolled
Engineering,Not Enrolled
Engineering,Not Enrolled
Engineering,Enrolled
Sales,Not Enrolled
Engineering,Enrolled
Sales,Enrolled
Sales,Enrolled
Engineering,Enrolled
Engineering,Enrolled
Engineering,Enrolled
Marketing,Not Enrolled
Engineering,Enrolled
Marketing,Enrolled
Sales,Not Enrolled
Marketing,Not Enrolled
Engineering,Not Enrolled
Sales,Not Enrolled
Sales,Not Enrolled
Sales,Enrolled
Marketing,Enrolled
Engineering,Enrolled
Sales,Enrolled
Sales,Enrolled
Sales,Not Enrolled
Marketing,Enrolled
Marketing,Enrolled
Engineering,Enrolled
Marketing,Not Enrolled
Sales,Enrolled
Engineering,Not Enrolled
Sales,Enrolled
Sales,Enrolled
Marketing,Enrolled
Engineering,Not Enrolled
Marketing,Enrolled
Marketing,Not Enrolled
Engineering,Enrolled
Sales,Enrolled
Sales,Not Enrolled
Engineering,Not Enrolled
Sales,Not Enrolled
Engineering,Not Enrolled
Engineering,Not Enrolled
Marketing,Not Enrolled
Engineering,Not Enrolled
Marketing,Not Enrolled
Sales,Not Enrolled
Sales,Not Enrolled
Sales,Not Enrolled
Sales,Enrolled
Marketing,Not Enrolled
Sales,Not Enrolled
Engineering,Enrolled
Engineering,Not Enrolled
Engineering,Enrolled
Marketing,Enrolled
Sales,Not Enrolled
Sales,Enrolled
Sales,Not Enrolled
Marketing,Not Enrolled
Engineering,Enrolled
Engineering,Enrolled
Sales,Enrolled
Engineering,Not Enrolled
Engineering,Not Enrolled
Marketing,Not Enrolled
Marketing,Enrolled
Marketing,Not Enrolled
Marketing,Enrolled
Sales,Not Enrolled
Marketing,Enrolled
Engineering,Not Enrolled
Sales,Enrolled
Engineering,Not Enrolled
Engineering,Enrolled
Engineering,Not Enrolled
Marketing,Not Enrolled
Marketing,Enrolled
Sales,Not Enrolled
Sales,Not Enrolled
Marketing,Enrolled
Engineering,Enrolled
Sales,Not Enrolled
Marketing,Enrolled
Marketing,Enrolled
Marketing,Enrolled
Engineering,Not Enrolled
Marketing,Enrolled
Marketing,Not Enrolled
Marketing,Not Enrolled
Marketing,Not Enrolled
Sales,Not Enrolled
Sales,Enrolled
Marketing,Not Enrolled
Engineering,Enrolled
Sales,Enrolled
Marketing,Enrolled
Sales,Enrolled
Sales,Not Enrolled
Engineering,Not Enrolled
Marketing,Enrolled
Marketing,Enrolled
Engineering,Not Enrolled
Engineering,Enrolled
Marketing,Enrolled
Marketing,Enrolled
Engineering,Not Enrolled
Sales,Not Enrolled
Sales,Enrolled
Engineering,Enrolled
Sales,Not Enrolled
Engineering,Not Enrolled
Sales,Enrolled
Sales,Not Enrolled
Marketing,Enrolled
Marketing,Enrolled
Sales,Not Enrolled
Sales,Enrolled
Marketing,Not Enrolled
Marketing,Enrolled
Marketing,Enrolled
Engineering,Not Enrolled
Sales,Enrolled
Marketing,Not Enrolled
Sales,Enrolled
Engineering,Enrolled
Engineering,Enrolled
Marketing,Not Enrolled
Engineering,Enrolled
Sales,Not Enrolled
Marketing,Enrolled
Sales,Not Enrolled
Sales,Enrolled
Engineering,Not Enrolled
Engineering,Not Enrolled
Engineering,Not Enrolled
Engineering,Not Enrolled
Engineering,Not Enrolled
Marketing,Not Enrolled
Sales,Enrolled
Sales,Enrolled
Sales,Not Enrolled
Sales,Not Enrolled
Engineering,Not Enrolled
Sales,Enrolled
Marketing,Enrolled
Marketing,Enrolled
Sales,Not Enrolled
Sales,Enrolled
Marketing,Enrolled
Marketing,Enrolled
Engineering,Enrolled
Marketing,Enrolled
Engineering,Enrolled
Engineering,Not Enrolled
Engineering,Enrolled
Engineering,Enrolled
Engineering,Enrolled
Sales,Enrolled
Marketing,Enrolled
Engineering,Enrolled
Marketing,Not Enrolled
Marketing,Enrolled
Engineering,Not Enrolled
Sales,Not Enrolled
Engineering,Not Enrolled
Sales,Enrolled
Marketing,Enrolled
Sales,Enrolled
Sales,Enrolled
Sales,Not Enrolled
Marketing,Enrolled
Marketing,Enrolled
Sales,Not Enrolled
Sales,Not Enrolled
Engineering,Enrolled
Sales,Enrolled
Engineering,Enrolled
Sales,Enrolled
Engineering,Enrolled
Marketing,Enrolled
Sales,Enrolled
Sales,Enrolled
Sales,Enrolled
Sales,Enrolled
Engineering,Enrolled
Sales,Not Enrolled
Marketing,Not Enrolled
Marketing,Enrolled
Sales,Enrolled
Marketing,Enrolled
Sales,Not Enrolled
Sales,Not Enrolled
Marketing,Enrolled
Sales,Not Enrolled
Marketing,Enrolled
Engineering,Enrolled
Sales,Not Enrolled
Engineering,Not Enrolled
Marketing,Not Enrolled
Engineering,Not Enrolled
Engineering,Enrolled
Marketing,Not Enrolled
Engineering,Enrolled
Engineering,Not Enrolled
Marketing,Enrolled
Engineering,Not Enrolled
Marketing,Enrolled
Engineering,Not Enrolled
Marketing,Enrolled
Marketing,Not Enrolled
Engineering,Enrolled
Engineering,Enrolled
Engineering,Enrolled
Sales,Enrolled
Sales,Not Enrolled
Sales,Enrolled
Marketing,Not Enrolled
Engineering,Enrolled
Marketing,Enrolled
Sales,Not Enrolled
Engineering,Not Enrolled
Marketing,Enrolled
Engineering,Enrolled
Marketing,Not Enrolled
Engineering,Enrolled
Sales,Not Enrolled
Sales,Not Enrolled
Engineering,Not Enrolled
Marketing,Enrolled
Sales,Not Enrolled
Sales,Enrolled
Sales,Enrolled
Engineering,Enrolled
Engineering,Enrolled
Marketing,Not Enrolled
Marketing,Not Enrolled
Marketing,Not Enrolled
Engineering,Enrolled
Engineering,Enrolled
Marketing,Enrolled
Marketing,Not Enrolled
Engineering,Enrolled
Marketing,Not Enrolled
Sales,Enrolled
Engineering,Enrolled
Marketing,Not Enrolled
Engineering,Enrolled
Sales,Not Enrolled
Engineering,Not Enrolled
Engineering,Enrolled
Engineering,Enrolled
Engineering,Enrolled
Sales,Not Enrolled
Engineering,Enrolled
Engineering,Not Enrolled
Marketing,Not Enrolled
Engineering,Not Enrolled
Marketing,Enrolled
Sales,Not Enrolled
Sales,Not Enrolled
Sales,Enrolled
Sales,Enrolled
Marketing,Not Enrolled
Engineering,Enrolled
Sales,Not Enrolled
Engineering,Enrolled
Marketing,Enrolled
Marketing,Not Enrolled
Marketing,Enrolled
Sales,Enrolled
Engineering,Enrolled
Engineering,Enrolled
Engineering,Enrolled
Marketing,Enrolled
Sales,Not Enrolled
Marketing,Enrolled
Marketing,Not Enrolled
Engineering,Enrolled
Marketing,Not Enrolled
Engineering,Enrolled
Sales,Not Enrolled
Engineering,Enrolled
Sales,Enrolled
Engineering,Enrolled
Marketing,Enrolled
Marketing,Enrolled
Sales,Enrolled
Sales,Not Enrolled
Sales,Enrolled
Engineering,Enrolled
Engineering,Not Enrolled
Sales,Not Enrolled
Marketing,Enrolled
Engineering,Enrolled
Engineering,Enrolled
Engineering,Not Enrolled
Sales,Not Enrolled
Sales,Enrolled
Sales,Not Enrolled
Sales,Not Enrolled
Sales,Enrolled
Marketing,Not Enrolled
Marketing,Enrolled
Sales,Enrolled
Engineering,Enrolled
Sales,Enrolled
Marketing,Enrolled
Marketing,Not Enrolled
Engineering,Enrolled
Marketing,Enrolled
Sales,Enrolled
Engineering,Not Enrolled
Sales,Enrolled
Sales,Enrolled
Engineering,Enrolled
Sales,Enrolled
Marketing,Not Enrolled
Sales,Not Enrolled
Engineering,Enrolled
Engineering,Not Enrolled
Engineering,Not Enrolled
Sales,Not Enrolled
Engineering,Enrolled
Engineering,Enrolled
Sales,Enrolled
Marketing,Not Enrolled
Sales,Enrolled
Engineering,Enrolled
Engineering,Enrolled
Sales,Not Enrolled
Marketing,Enrolled
Engineering,Not Enrolled
Engineering,Not Enrolled
Engineering,Enrolled
Sales,Not Enrolled
Engineering,Enrolled
Marketing,Not Enrolled
Engineering,Enrolled
Engineering,Not Enrolled
Marketing,Not Enrolled
Engineering,Not Enrolled
Sales,Not Enrolled
Sales,Enrolled
Sales,Not Enrolled
Marketing,Not Enrolled
Engineering,Enrolled
Sales,Enrolled
Marketing,Not Enrolled
Engineering,Not Enrolled
Marketing,Not Enrolled
Sales,Enrolled
Sales,Not Enrolled
Sales,Enrolled
Marketing,Not Enrolled
Marketing,Enrolled
Sales,Not Enrolled
Marketing,Not Enrolled
Sales,Enrolled
Sales,Not Enrolled
Engineering,Enrolled
Marketing,Not Enrolled
Sales,Not Enrolled
Sales,Enrolled
Marketing,Not Enrolled
Engineering,Not Enrolled
Engineering,Enrolled
Sales,Enrolled
Marketing,Not Enrolled
Engineering,Not Enrolled
Marketing,Not Enrolled
Marketing,Not Enrolled
Sales,Enrolled
Engineering,Not Enrolled
Sales,Enrolled
Engineering,Enrolled
Engineering,Enrolled
Engineering,Enrolled
Engineering,Enrolled
Engineering,Enrolled
Marketing,Not Enrolled
Sales,Enrolled
Marketing,Enrolled
Engineering,Enrolled
Sales,Enrolled
Engineering,Enrolled
Sales,Enrolled
Marketing,Not Enrolled
Sales,Not Enrolled
Sales,Not Enrolled
Sales,Enrolled
Sales,Enrolled
Sales,Not Enrolled
Engineering,Enrolled
Sales,Enrolled
Sales,Enrolled
Marketing,Enrolled
Sales,Enrolled
Marketing,Enrolled
Engineering,Enrolled
Sales,Enrolled
Marketing,Not Enrolled
Marketing,Not Enrolled
Engineering,Not Enrolled
Sales,Not Enrolled
Sales,Not Enrolled
Marketing,Enrolled
Sales,Enrolled
Marketing,Enrolled
Sales,Not Enrolled
Marketing,Not Enrolled
Sales,Enrolled
Engineering,Not Enrolled
Sales,Enrolled
Sales,Not Enrolled
Engineering,Enrolled
Sales,Enrolled
Engineering,Enrolled
Sales,Enrolled
Marketing,Enrolled
Marketing,Enrolled
Sales,Not Enrolled
Sales,Enrolled
Sales,Enrolled
Marketing,Not Enrolled
Sales,Not Enrolled
Marketing,Enrolled
Engineering,Enrolled
Marketing,Enrolled
Marketing,Enrolled
Engineering,Not Enrolled
Marketing,Enrolled
Sales,Enrolled
Sales,Not Enrolled
Marketing,Enrolled
Sales,Enrolled
Marketing,Enrolled
Sales,Not Enrolled
Sales,Enrolled
Marketing,Not Enrolled
Sales,Enrolled
Marketing,Enrolled
Sales,Not Enrolled
Sales,Not Enrolled
Engineering,Not Enrolled
Engineering,Not Enrolled
Marketing,Not Enrolled
Engineering,Enrolled
Marketing,Enrolled
Engineering,Not Enrolled
Sales,Enrolled
Marketing,Not Enrolled
Marketing,Not Enrolled
Sales,Enrolled
Marketing,Enrolled
Marketing,Not Enrolled
Engineering,Enrolled
Marketing,Not Enrolled
Sales,Enrolled
Engineering,Not Enrolled
Engineering,Enrolled
Sales,Not Enrolled
Sales,Enrolled
Engineering,Enrolled
Marketing,Enrolled
Engineering,Not Enrolled
Sales,Not Enrolled
Engineering,Enrolled
Sales,Enrolled
Engineering,Enrolled
Marketing,Not Enrolled
Engineering,Not Enrolled
Engineering,Enrolled
Sales,Enrolled
Sales,Enrolled
Sales,Enrolled
Engineering,Enrolled
Marketing,Not Enrolled
Sales,Enrolled
Sales,Not Enrolled
Engineering,Enrolled
Sales,Enrolled
Marketing,Not Enrolled
Marketing,Not Enrolled
Sales,Not Enrolled
Sales,Enrolled
Engineering,Enrolled
Marketing,Not Enrolled
Marketing,Enrolled
Sales,Enrolled
Engineering,Enrolled
Marketing,Enrolled
Marketing,Not Enrolled
Engineering,Enrolled
Engineering,Enrolled
Marketing,Enrolled
Marketing,Enrolled
Engineering,Enrolled
Marketing,Enrolled
Sales,Enrolled
Sales,Not Enrolled
Engineering,Enrolled
Engineering,Enrolled
Engineering,Not Enrolled
Sales,Not Enrolled
Marketing,Enrolled
Sales,Enrolled
Marketing,Enrolled
Sales,Not Enrolled
Marketing,Not Enrolled
Sales,Not Enrolled
Engineering,Enrolled
Sales,Not Enrolled
Marketing,Enrolled
Sales,Enrolled
Sales,Enrolled
Sales,Not Enrolled
Engineering,Enrolled
Sales,Not Enrolled
Engineering,Enrolled
Engineering,Enrolled
Sales,Enrolled
Sales,Enrolled
Sales,Not Enrolled
Marketing,Enrolled
Sales,Not Enrolled
Engineering,Not Enrolled
Sales,Not Enrolled
Marketing,Enrolled
Sales,Enrolled
Marketing,Enrolled
Marketing,Not Enrolled
Sales,Not Enrolled
Engineering,Enrolled
Marketing,Not Enrolled
Sales,Enrolled
Sales,Not Enrolled
Engineering,Enrolled
Marketing,Not Enrolled
Marketing,Enrolled
Sales,Not Enrolled
Sales,Not Enrolled
Engineering,Not Enrolled
Engineering,Enrolled
Marketing,Enrolled
Marketing,Enrolled
Sales,Enrolled
Marketing,Enrolled
Engineering,Not Enrolled
Engineering,Enrolled
Sales,Enrolled
Engineering,Enrolled
Engineering,Enrolled
Engineering,Not Enrolled
Engineering,Enrolled
Sales,Not Enrolled
Sales,Enrolled
Marketing,Not Enrolled
Engineering,Not Enrolled
Marketing,Enrolled
Sales,Not Enrolled
Sales,Enrolled
Sales,Not Enrolled
Sales,Enrolled
Sales,Not Enrolled
Sales,Not Enrolled
Sales,Not Enrolled
Engineering,Not Enrolled
Marketing,Enrolled
Sales,Enrolled
Engineering,Enrolled
Engineering,Enrolled
Marketing,Not Enrolled
Sales,Enrolled
Marketing,Not Enrolled
Sales,Not Enrolled
Engineering,Not Enrolled
Engineering,Enrolled
Engineering,Not Enrolled
Engineering,Not Enrolled
Marketing,Enrolled
Sales,Not Enrolled
Sales,Not Enrolled
Marketing,Enrolled
Sales,Enrolled
Engineering,Enrolled
Sales,Enrolled
Engineering,Enrolled
Marketing,Enrolled
Sales,Enrolled
Marketing,Enrolled
Sales,Not Enrolled
Engineering,Enrolled
Marketing,Not Enrolled
Sales,Enrolled
Engineering,Enrolled
Marketing,Enrolled
Marketing,Enrolled
Sales,Enrolled
Sales,Not Enrolled
Sales,Enrolled
Engineering,Not Enrolled
Sales,Not Enrolled
Marketing,Enrolled
Marketing,Enrolled
Sales,Not Enrolled
Sales,Enrolled
Marketing,Enrolled
Engineering,Not Enrolled
Sales,Enrolled
Sales,Not Enrolled
Marketing,Not Enrolled
Sales,Enrolled
Engineering,Enrolled
Marketing,Enrolled
Sales,Enrolled
Marketing,Enrolled
Sales,Not Enrolled
Sales,Enrolled
Sales,Enrolled
Engineering,Not Enrolled
Engineering,Not Enrolled
Marketing,Not Enrolled
Sales,Enrolled
Sales,Not Enrolled
Engineering,Enrolled
Sales,Enrolled
Engineering,Enrolled
Sales,Not Enrolled
Marketing,Enrolled
Sales,Enrolled
Sales,Enrolled
Engineering,Enrolled
Sales,Not Enrolled
Sales,Not Enrolled
Engineering,Not Enrolled
Marketing,Enrolled
Marketing,Enrolled
Engineering,Enrolled
Engineering,Enrolled
Engineering,Enrolled
Engineering,Not Enrolled
Engineering,Enrolled
Marketing,Enrolled
Marketing,Enrolled
Engineering,Enrolled
Sales,Enrolled
Engineering,Not Enrolled
Sales,Not Enrolled
Engineering,Not Enrolled
Engineering,Enrolled
Marketing,Enrolled
Sales,Enrolled
Sales,Enrolled
Marketing,Not Enrolled
Marketing,Enrolled
Marketing,Enrolled
Marketing,Enrolled
Sales,Enrolled
Sales,Not Enrolled
Engineering,Enrolled
Engineering,Enrolled
Marketing,Enrolled
Marketing,Enrolled
Marketing,Not Enrolled
Engineering,Not Enrolled
Engineering,Not Enrolled
Engineering,Not Enrolled
Engineering,Enrolled
Engineering,Not Enrolled
Engineering,Enrolled
Engineering,Enrolled
Marketing,Not Enrolled
Marketing,Enrolled
Marketing,Not Enrolled
Marketing,Enrolled
Engineering,Not Enrolled
Sales,Not Enrolled
Engineering,Not Enrolled
Sales,Not Enrolled
Marketing,Not Enrolled
Engineering,Enrolled
Marketing,Enrolled
Engineering,Enrolled
Marketing,Not Enrolled
Sales,Enrolled
Sales,Not Enrolled
Sales,Enrolled
Engineering,Enrolled
Sales,Not Enrolled
Engineering,Enrolled
Sales,Enrolled
Sales,Enrolled
Engineering,Not Enrolled
Engineering,Not Enrolled
Sales,Enrolled
Engineering,Enrolled
Sales,Enrolled
Engineering,Not Enrolled
Marketing,Not Enrolled
Marketing,Enrolled
Marketing,Enrolled
Marketing,Enrolled
Marketing,Not Enrolled
Sales,Not Enrolled
Marketing,Enrolled
Marketing,Enrolled
Marketing,Enrolled
Marketing,Not Enrolled
Engineering,Enrolled
Sales,Not Enrolled
Marketing,Not Enrolled
Marketing,Enrolled
Marketing,Enrolled
Sales,Enrolled
Engineering,Not Enrolled
Sales,Not Enrolled
Engineering,Not Enrolled
Marketing,Enrolled
Marketing,Enrolled
Sales,Not Enrolled
Sales,Not Enrolled
Engineering,Enrolled
Engineering,Not Enrolled
Sales,Not Enrolled
Engineering,Enrolled
Sales,Not Enrolled
Engineering,Not Enrolled
Sales,Not Enrolled
Sales,Enrolled
Sales,Enrolled
Engineering,Not Enrolled
Engineering,Enrolled
Engineering,Enrolled
Sales,Enrolled
Engineering,Enrolled
Engineering,Not Enrolled
Sales,Not Enrolled
Marketing,Enrolled
Sales,Enrolled
Engineering,Enrolled
Sales,Not Enrolled
Marketing,Not Enrolled
Sales,Enrolled
Engineering,Not Enrolled
Marketing,Not Enrolled
Engineering,Not Enrolled
Marketing,Not Enrolled
Marketing,Enrolled
Sales,Not Enrolled
Sales,Enrolled
Engineering,Not Enrolled
Sales,Not Enrolled
Sales,Not Enrolled
Marketing,Not Enrolled
Sales,Enrolled
Marketing,Enrolled
Marketing,Not Enrolled
Marketing,Not Enrolled
Engineering,Enrolled
Engineering,Enrolled
Engineering,Enrolled
Marketing,Not Enrolled
Engineering,Not Enrolled
Engineering,Enrolled
Sales,Enrolled
Engineering,Not Enrolled
Engineering,Not Enrolled
Marketing,Enrolled
Marketing,Enrolled
Marketing,Enrolled
Marketing,Enrolled
Marketing,Enrolled
Marketing,Not Enrolled
Engineering,Not Enrolled
Marketing,Not Enrolled
Marketing,Not Enrolled
Sales,Enrolled
Engineering,Enrolled
Engineering,Enrolled
Engineering,Enrolled
Marketing,Not Enrolled
Marketing,Not Enrolled
Marketing,Enrolled
Sales,Enrolled
Marketing,Not Enrolled
Sales,Enrolled
Engineering,Enrolled
Marketing,Not Enrolled
Sales,Not Enrolled
Sales,Enrolled
Marketing,Enrolled
Engineering,Not Enrolled
Engineering,Enrolled
Engineering,Enrolled
Sales,Not Enrolled
Sales,Enrolled
Sales,Not Enrolled
Sales,Enrolled
Engineering,Not Enrolled
Marketing,Enrolled
Sales,Enrolled
Sales,Enrolled
Engineering,Enrolled
Marketing,Not Enrolled
Marketing,Not Enrolled
Engineering,Enrolled
Engineering,Enrolled
Marketing,Not Enrolled
Sales,Not Enrolled
Marketing,Enrolled
Engineering,Enrolled
Sales,Enrolled
Sales,Not Enrolled
Engineering,Enrolled
Engineering,Not Enrolled
Engineering,Enrolled
Marketing,Not Enrolled
Marketing,Enrolled
Sales,Enrolled
Engineering,Enrolled
Sales,Not Enrolled
Sales,Enrolled
Sales,Enrolled
Sales,Enrolled
Engineering,Enrolled
Sales,Not Enrolled
Engineering,Not Enrolled
Engineering,Not Enrolled
Marketing,Enrolled
Engineering,Not Enrolled
Marketing,Enrolled
Engineering,Enrolled
Engineering,Enrolled
Engineering,Enrolled
Marketing,Not Enrolled
Marketing,Not Enrolled
Sales,Not Enrolled
Marketing,Enrolled
Marketing,Enrolled
Marketing,Enrolled
Marketing,Enrolled
Sales,Enrolled
Marketing,Enrolled
Engineering,Enrolled
Engineering,Enrolled
Marketing,Not Enrolled
Marketing,Not Enrolled
Engineering,Not Enrolled
Engineering,Not Enrolled
Sales,Enrolled
Engineering,Not Enrolled
Engineering,Not Enrolled
Marketing,Enrolled
Engineering,Enrolled
Sales,Not Enrolled
Engineering,Enrolled
Marketing,Enrolled
Marketing,Enrolled
Engineering,Enrolled
Marketing,Enrolled
Sales,Enrolled
Sales,Enrolled
Engineering,Enrolled
Engineering,Not Enrolled
Engineering,Enrolled
Marketing,Enrolled
Sales,Enrolled
Sales,Not Enrolled
Marketing,Enrolled
Sales,Enrolled
Engineering,Not Enrolled
Engineering,Not Enrolled
Engineering,Enrolled
Sales,Not Enrolled
Engineering,Enrolled
Marketing,Enrolled
Marketing,Enrolled
Sales,Enrolled
Marketing,Not Enrolled
Marketing,Enrolled
Sales,Enrolled
Engineering,Not Enrolled
Engineering,Not Enrolled
Engineering,Enrolled
Sales,Not Enrolled
Marketing,Enrolled
Engineering,Not Enrolled
Engineering,Not Enrolled
Sales,Not Enrolled
Engineering,Enrolled
Sales,Enrolled
Marketing,Enrolled
Sales,Enrolled
Sales,Enrolled
Sales,Not Enrolled
Sales,Enrolled
Marketing,Enrolled
Marketing,Not Enrolled
Engineering,Enrolled
Marketing,Not Enrolled
Marketing,Enrolled
Engineering,Enrolled
Marketing,Enrolled
Sales,Enrolled
Sales,Not Enrolled
Engineering,Enrolled
Engineering,Enrolled
Engineering,Enrolled
Sales,Enrolled
Marketing,Not Enrolled
Sales,Enrolled
Engineering,Not Enrolled
Marketing,Not Enrolled
Marketing,Enrolled
Sales,Not Enrolled
Engineering,Enrolled
Sales,Enrolled
Marketing,Enrolled
Sales,Not Enrolled
Sales,Not Enrolled
Engineering,Enrolled
Engineering,Not Enrolled
Marketing,Enrolled
Sales,Enrolled
Sales,Enrolled
Sales,Not Enrolled
Marketing,Not Enrolled
Marketing,Enrolled
Engineering,Enrolled
Engineering,Enrolled
Engineering,Enrolled
Sales,Enrolled
Sales,Not Enrolled
Engineering,Enrolled
Sales,Enrolled
Engineering,Enrolled
Marketing,Not Enrolled
Engineering,Not Enrolled
Marketing,Enrolled
Sales,Not Enrolled
Engineering,Enrolled
Sales,Enrolled
Marketing,Enrolled
Marketing,Enrolled
Marketing,Enrolled
Sales,Not Enrolled
Sales,Not Enrolled
Sales,Not Enrolled
Sales,Enrolled
Marketing,Enrolled
Marketing,Not Enrolled
Engineering,Enrolled
Engineering,Enrolled
Sales,Enrolled
Marketing,Not Enrolled
Marketing,Enrolled
Marketing,Enrolled
Engineering,Not Enrolled
Engineering,Enrolled
Marketing,Enrolled
Marketing,Enrolled
Marketing,Enrolled
Engineering,Not Enrolled
Marketing,Enrolled
Marketing,Enrolled
Sales,Not Enrolled
Sales,Not Enrolled
Engineering,Not Enrolled
Marketing,Enrolled
Marketing,Enrolled
Sales,Not Enrolled
Engineering,Not Enrolled
Sales,Enrolled
Sales,Enrolled
Sales,Enrolled
Sales,Not Enrolled
Marketing,Enrolled
Marketing,Enrolled
Sales,Enrolled
Engineering,Not Enrolled
Engineering,Not Enrolled
Engineering,Enrolled
Engineering,Not Enrolled
Sales,Not Enrolled
Marketing,Enrolled
Engineering,Enrolled
Sales,Enrolled
Engineering,Not Enrolled
Engineering,Enrolled
Sales,Not Enrolled
Marketing,Not Enrolled
Marketing,Enrolled
Sales,Not Enrolled
Marketing,Enrolled
Sales,Enrolled
Sales,Not Enrolled
Sales,Not Enrolled
Marketing,Enrolled
Sales,Not Enrolled
Engineering,Not Enrolled
Marketing,Enrolled
Marketing,Not Enrolled
Marketing,Enrolled
Marketing,Enrolled
Engineering,Enrolled
Marketing,Not Enrolled
Marketing,Not Enrolled
Sales,Enrolled
Marketing,Enrolled
Engineering,Not Enrolled
Engineering,Enrolled
Engineering,Not Enrolled
Engineering,Not Enrolled
Marketing,Enrolled
Marketing,Not Enrolled
Engineering,Enrolled
Engineering,Not Enrolled
Marketing,Not Enrolled
Engineering,Not Enrolled
Sales,Enrolled
Engineering,Not Enrolled
Engineering,Enrolled
Sales,Enrolled
Sales,Enrolled
Marketing,Enrolled
Marketing,Enrolled
Sales,Not Enrolled
Sales,Not Enrolled
Marketing,Enrolled
Engineering,Not Enrolled
Sales,Enrolled
Marketing,Not Enrolled
Engineering,Not Enrolled
Sales,Enrolled
Engineering,Not Enrolled
Marketing,Enrolled
Sales,Enrolled
Engineering,Not Enrolled
Sales,Enrolled
Engineering,Enrolled
Marketing,Enrolled
Marketing,Not Enrolled
Sales,Enrolled
Engineering,Enrolled
Sales,Not Enrolled
Sales,Not Enrolled
Engineering,Enrolled
Engineering,Enrolled
Engineering,Enrolled
Marketing,Enrolled
Sales,Enrolled
Sales,Not Enrolled
Marketing,Not Enrolled
Engineering,Not Enrolled
Marketing,Enrolled
Marketing,Not Enrolled
Marketing,Enrolled
Sales,Not Enrolled
Marketing,Not Enrolled
Sales,Enrolled
Sales,Not Enrolled
Sales,Enrolled
Engineering,Not Enrolled
Sales,Enrolled
Sales,Enrolled
Engineering,Not Enrolled
Sales,Enrolled
Marketing,Not Enrolled
Marketing,Enrolled
Sales,Not Enrolled
Engineering,Not Enrolled
Marketing,Enrolled
Engineering,Enrolled
Engineering,Enrolled
Marketing,Enrolled
Engineering,Enrolled
Marketing,Not Enrolled
Engineering,Not Enrolled
Marketing,Not Enrolled
Sales,Not Enrolled
Marketing,Not Enrolled
Marketing,Not Enrolled
Marketing,Enrolled
Marketing,Not Enrolled
Engineering,Not Enrolled
Sales,Enrolled
Marketing,Enrolled
Engineering,Enrolled
Sales,Enrolled
Sales,Not Enrolled
Sales,Enrolled
Sales,Enrolled
Marketing,Not Enrolled
Marketing,Enrolled
Engineering,Enrolled
Engineering,Enrolled
Engineering,Not Enrolled
Sales,Not Enrolled
Sales,Enrolled
Marketing,Not Enrolled
Sales,Enrolled
Sales,Not Enrolled
Sales,Not Enrolled
Engineering,Not Enrolled
Engineering,Enrolled
Marketing,Not Enrolled
Sales,Not Enrolled
Sales,Enrolled
Marketing,Not Enrolled
Sales,Enrolled
Sales,Not Enrolled
Engineering,Enrolled
Marketing,Not Enrolled
Marketing,Enrolled
Marketing,Enrolled
Marketing,Enrolled
Engineering,Enrolled
Engineering,Enrolled
Sales,Enrolled
Sales,Enrolled
Sales,Enrolled
Sales,Enrolled
Engineering,Not Enrolled
Marketing,Enrolled
Engineering,Not Enrolled
Sales,Not Enrolled
Engineering,Not Enrolled
Marketing,Enrolled
Marketing,Not Enrolled
Engineering,Enrolled
Engineering,Enrolled
Engineering,Enrolled
Sales,Not Enrolled
Engineering,Enrolled
Engineering,Enrolled
Engineering,Not Enrolled
Marketing,Not Enrolled
Marketing,Enrolled
Sales,Enrolled
Sales,Not Enrolled
Marketing,Enrolled
Marketing,Enrolled
Marketing,Enrolled
Engineering,Not Enrolled
Engineering,Not Enrolled
Marketing,Not Enrolled
Engineering,Not Enrolled
Engineering,Enrolled
Sales,Enrolled
Marketing,Enrolled
Marketing,Enrolled
Engineering,Enrolled
Marketing,Not Enrolled
Sales,Not Enrolled
Sales,Not Enrolled
Sales,Enrolled
Marketing,Not Enrolled
Marketing,Not Enrolled
Marketing,Enrolled
Marketing,Not Enrolled
Marketing,Enrolled
Sales,Enrolled
Engineering,Enrolled
Sales,Enrolled
Marketing,Enrolled
Sales,Not Enrolled
Marketing,Not Enrolled
Marketing,Not Enrolled
Sales,Not Enrolled
Marketing,Enrolled
Engineering,Not Enrolled
Marketing,Enrolled
Engineering,Enrolled
Engineering,Enrolled
Marketing,Enrolled
Sales,Enrolled
Engineering,Enrolled
Sales,Enrolled
Engineering,Not Enrolled
Marketing,Enrolled
Marketing,Enrolled
Engineering,Enrolled
Marketing,Not Enrolled
Engineering,Enrolled
Marketing,Enrolled
Sales,Enrolled
Marketing,Enrolled
Sales,Enrolled
Marketing,Enrolled
Sales,Enrolled
Marketing,Enrolled
Sales,Enrolled
Engineering,Not Enrolled
Engineering,Enrolled
Sales,Enrolled
Marketing,Enrolled
Sales,Not Enrolled
Marketing,Enrolled
Engineering,Enrolled
Marketing,Not Enrolled
Engineering,Enrolled
Marketing,Enrolled
Marketing,Enrolled
Marketing,Not Enrolled
Sales,Enrolled
Sales,Not Enrolled
Engineering,Not Enrolled
Engineering,Enrolled
Sales,Enrolled
Engineering,Enrolled
Sales,Enrolled
Marketing,Enrolled
Engineering,Not Enrolled
Engineering,Not Enrolled
Sales,Not Enrolled
Engineering,Enrolled
Engineering,Not Enrolled
Marketing,Not Enrolled
Engineering,Not Enrolled
Marketing,Enrolled
Sales,Not Enrolled
Engineering,Enrolled
Marketing,Enrolled
Sales,Enrolled
Engineering,Not Enrolled
Sales,Not Enrolled
Engineering,Enrolled
Sales,Enrolled
Sales,Enrolled
Marketing,Enrolled
Sales,Enrolled
Engineering,Enrolled
Engineering,Not Enrolled
Marketing,Enrolled
Engineering,Enrolled
Engineering,Enrolled
Engineering,Not Enrolled
Sales,Not Enrolled
Sales,Not Enrolled
Engineering,Enrolled
Marketing,Enrolled
Sales,Enrolled
Marketing,Not Enrolled
Engineering,Not Enrolled
Engineering,Not Enrolled
Sales,Not Enrolled
Engineering,Not Enrolled
Sales,Enrolled
Engineering,Not Enrolled
Engineering,Enrolled
Sales,Enrolled
Sales,Enrolled
Sales,Enrolled
Engineering,Enrolled
Engineering,Enrolled
Marketing,Enrolled
Sales,Enrolled
